Semana (Semana),DDT (DDT),FECHA,FECHA (Cambios),Urea (Lbs),Urea (Cambios),MAP 12-61-0 (Lbs),MAP 12-61-0 (Cambios),Kcl (Lbs),Kcl (Cambios),Sulfato de Magnesio (Lbs),Sulfato de Magnesio (Cambios),Nitrato de Calcio (Lbs),Nitrato de Calcio (Cambios),Solubor (Gramos),Solubor (Cambios),Melaza (Lts),Melaza (Cambios),Admin_Costo / Aplicación (Costo / Aplicación),Columna_19
1,3,43834,,53.25112995694137,,24.801229508196723,,36.349741802958135,,23.32984087935781,,48.08885052962146,,608.6278048780488,,140.0,,1671.0133130422194,
2,10,43841,,53.25112995694137,,24.801229508196723,,36.349741802958135,,23.32984087935781,,48.08885052962146,,886.8590243902439,,140.0,,1682.142561822707,
3,17,43848,,53.25112995694137,,24.801229508196723,,36.349741802958135,,23.32984087935781,,48.08885052962146,,1304.2007317073171,,140.0,,1698.83623011539,
4,24,43855,,53.25112995694137,,24.801229508196723,,36.349741802958135,,23.32984087935781,,48.08885052962146,,1460.7019512195122,,140.0,,1705.0962788958777,
5,31,43862,,53.25112995694137,,24.801229508196723,,36.349741802958135,,23.32984087935781,,48.08885052962146,,1721.5475609756102,,140.0,,1715.5301032861216,
6,38,43869,,53.25112995694137,,24.801229508196723,,36.349741802958135,,23.32984087935781,,48.08885052962146,,2069.3417073170735,,140.0,,1729.4418691397802,
7,45,43876,,53.25112995694137,,24.801229508196723,,36.349741802958135,,23.32984087935781,,48.08885052962146,,2278.013414634147,,140.0,,1737.7887374324632,
8,52,43883,,53.25112995694137,,24.801229508196723,,36.349741802958135,,23.32984087935781,,48.08885052962146,,2799.692682926829,,140.0,,1758.6559081641703,
9,59,43890,,53.25112995694137,,24.801229508196723,,36.349741802958135,,23.32984087935781,,48.08885052962146,,2904.030243902439,,140.0,,1762.829410603195,
10,66,43897,,53.25112995694137,,24.801229508196723,,36.349741802958135,,23.32984087935781,,48.08885052962146,,3530.055609756098,,140.0,,1787.8704252373411,
11,73,43904,,53.25112995694137,,24.801229508196723,,36.349741802958135,,23.32984087935781,,48.08885052962146,,3530.055609756098,,140.0,,1787.8704252373411,
12,80,43911,,53.25112995694137,,24.801229508196723,,36.349741802958135,,23.32984087935781,,48.08885052962146,,3947.3990243902435,,140.0,,1804.564161822707,
13,87,43918,,53.25112995694137,,24.801229508196723,,36.349741802958135,,23.32984087935781,,48.08885052962146,,4260.406585365854,,140.0,,1817.0844642617315,
14,94,43925,,53.25112995694137,,24.801229508196723,,36.349741802958135,,23.32984087935781,,48.08885052962146,,4260.406585365854,,140.0,,1817.0844642617315,
15,101,43932,,53.25112995694137,,24.801229508196723,,36.349741802958135,,23.32984087935781,,48.08885052962146,,4260.406585365854,,140.0,,1817.0844642617315,
16,108,43939,,53.25112995694137,,24.801229508196723,,36.349741802958135,,23.32984087935781,,48.08885052962146,,4260.406585365854,,140.0,,1817.0844642617315,
17,115,43946,,53.25112995694137,,24.801229508196723,,36.349741802958135,,23.32984087935781,,48.08885052962146,,4260.406585365854,,140.0,,1817.0844642617315,
18,122,43953,,48.420167926960495,,24.801229508196723,,47.18693190570342,,30.285321389973802,,62.425899134725995,,4260.406585365854,,140.0,,2017.51816011529,OJO Inicia la Floracion
19,129,43960,,44.79694640447484,,24.801229508196723,,55.314824482762376,,35.501931772935805,,73.1786855885544,,4260.406585365854,,140.0,,2167.843432005459,
20,136,43967,,44.79694640447484,,24.801229508196723,,55.314824482762376,,35.501931772935805,,73.1786855885544,,4260.406585365854,,140.0,,2167.843432005459,
21,143,43974,,44.79694640447484,,24.801229508196723,,55.314824482762376,,35.501931772935805,,73.1786855885544,,4260.406585365854,,140.0,,2167.843432005459,
22,150,43981,,44.79694640447484,,24.801229508196723,,55.314824482762376,,35.501931772935805,,73.1786855885544,,4260.406585365854,,140.0,,2167.843432005459,
23,157,43988,,44.79694640447484,,24.801229508196723,,55.314824482762376,,35.501931772935805,,73.1786855885544,,4260.406585365854,,140.0,,2167.843432005459,
24,164,43995,,44.79694640447484,,24.801229508196723,,55.314824482762376,,35.501931772935805,,73.1786855885544,,4260.406585365854,,140.0,,2167.843432005459,
25,171,44002,,44.79694640447484,,24.801229508196723,,55.314824482762376,,35.501931772935805,,73.1786855885544,,4260.406585365854,,140.0,,2167.843432005459,
26,178,44009,,44.79694640447484,,24.801229508196723,,55.314824482762376,,35.501931772935805,,73.1786855885544,,4260.406585365854,,140.0,,2167.843432005459,
27,185,44016,,44.79694640447484,,24.801229508196723,,55.314824482762376,,35.501931772935805,,73.1786855885544,,4260.406585365854,,140.0,,2167.843432005459,
28,192,44023,,44.79694640447484,,24.801229508196723,,55.314824482762376,,35.501931772935805,,73.1786855885544,,4260.406585365854,,140.0,,2167.843432005459,
29,199,44030,,44.79694640447484,,24.801229508196723,,55.314824482762376,,35.501931772935805,,73.1786855885544,,4260.406585365854,,140.0,,2167.843432005459,
30,206,44037,,44.79694640447484,,24.801229508196723,,55.314824482762376,,35.501931772935805,,73.1786855885544,,4260.406585365854,,140.0,,2167.843432005459,
31,213,44044,,44.79694640447484,,24.801229508196723,,55.314824482762376,,35.501931772935805,,73.1786855885544,,4260.406585365854,,140.0,,2167.843432005459,
32,220,44051,,44.79694640447484,,24.801229508196723,,55.314824482762376,,35.501931772935805,,73.1786855885544,,4260.406585365854,,140.0,,2167.843432005459,
33,227,44058,,44.79694640447484,,24.801229508196723,,55.314824482762376,,35.501931772935805,,73.1786855885544,,4260.406585365854,,140.0,,2167.843432005459,
34,234,44065,,44.79694640447484,,24.801229508196723,,55.314824482762376,,35.501931772935805,,73.1786855885544,,4260.406585365854,,140.0,,2167.843432005459,
35,241,44072,,44.79694640447484,,24.801229508196723,,55.314824482762376,,35.501931772935805,,73.1786855885544,,4260.406585365854,,140.0,,2167.843432005459,
36,248,44079,,44.79694640447484,,24.801229508196723,,55.314824482762376,,35.501931772935805,,73.1786855885544,,4260.406585365854,,140.0,,2167.843432005459,
37,255,44086,,44.79694640447484,,24.801229508196723,,55.314824482762376,,35.501931772935805,,73.1786855885544,,4260.406585365854,,140.0,,2167.843432005459,
38,262,44093,,44.79694640447484,,24.801229508196723,,55.314824482762376,,35.501931772935805,,73.1786855885544,,4260.406585365854,,140.0,,2167.843432005459,
39,269,44100,,44.79694640447484,,24.801229508196723,,55.314824482762376,,35.501931772935805,,73.1786855885544,,4260.406585365854,,140.0,,2167.843432005459,
40,276,44107,,44.79694640447484,,24.801229508196723,,55.314824482762376,,35.501931772935805,,73.1786855885544,,4260.406585365854,,140.0,,2167.843432005459,
41,283,44114,,44.79694640447484,,24.801229508196723,,55.314824482762376,,35.501931772935805,,73.1786855885544,,4260.406585365854,,140.0,,2167.843432005459,
42,290,44121,,44.79694640447484,,24.801229508196723,,55.314824482762376,,35.501931772935805,,73.1786855885544,,4260.406585365854,,140.0,,2167.843432005459,
43,297,44128,,44.79694640447484,,24.801229508196723,,55.314824482762376,,35.501931772935805,,73.1786855885544,,4260.406585365854,,140.0,,2167.843432005459,
44,304,44135,,44.79694640447484,,24.801229508196723,,55.314824482762376,,35.501931772935805,,73.1786855885544,,4260.406585365854,,140.0,,2167.843432005459,
45,311,44142,,44.79694640447484,,24.801229508196723,,55.314824482762376,,35.501931772935805,,73.1786855885544,,4260.406585365854,,140.0,,2167.843432005459,
46,318,44149,,44.79694640447484,,24.801229508196723,,55.314824482762376,,35.501931772935805,,73.1786855885544,,4260.406585365854,,140.0,,2167.843432005459,
47,325,44156,,44.79694640447484,,24.801229508196723,,55.314824482762376,,35.501931772935805,,73.1786855885544,,4260.406585365854,,140.0,,2167.843432005459,
48,332,44163,,44.79694640447484,,24.801229508196723,,55.314824482762376,,35.501931772935805,,73.1786855885544,,4260.406585365854,,140.0,,2167.843432005459,
49,339,44170,,44.79694640447484,,24.801229508196723,,55.314824482762376,,35.501931772935805,,73.1786855885544,,4260.406585365854,,140.0,,2167.843432005459,
50,346,44177,,44.79694640447484,,24.801229508196723,,55.314824482762376,,35.501931772935805,,73.1786855885544,,4260.406585365854,,140.0,,2167.843432005459,
51,353,44184,,44.79694640447484,,24.801229508196723,,55.314824482762376,,35.501931772935805,,73.1786855885544,,4260.406585365854,,140.0,,2167.843432005459,
52,360,44191,,44.79694640447484,,24.801229508196723,,55.314824482762376,,35.501931772935805,,73.1786855885544,,4260.406585365854,,140.0,,2167.843432005459,
