Fase,Día Después Siembra,Semana,N,P2O5,K20,MgO,CaO,B Gramos/Ha,Relación N:K N/(K2O/3.36),Relación Ca:Mg (1:0.5) (CaO/1.39)/MgO,Relación K:Ca (1:1)     (CaO/1.19)/K2O
,1.0,1,2.7978859583736675,3.541,3.6184456478055607,0.619300216960834,2.154158392171141,5.0926,2.6,0.4,0.5
,2.0,1,2.7978859583736675,3.541,3.6184456478055607,0.619300216960834,2.154158392171141,5.0926,2.6,0.4,0.5
,3.0,1,2.7978859583736675,3.541,3.6184456478055607,0.619300216960834,2.154158392171141,5.0926,2.6,0.4,0.5
,4.0,1,2.7978859583736675,3.541,3.6184456478055607,0.619300216960834,2.154158392171141,5.0926,2.6,0.4,0.5
,5.0,1,2.7978859583736675,3.541,3.6184456478055607,0.619300216960834,2.154158392171141,5.0926,2.6,0.4,0.5
,6.0,1,2.7978859583736675,3.541,3.6184456478055607,0.619300216960834,2.154158392171141,5.0926,2.6,0.4,0.5
,7.0,1,2.7978859583736675,3.541,3.6184456478055607,0.619300216960834,2.154158392171141,5.0926,2.6,0.4,0.5
,8.0,2,2.7978859583736675,3.541,3.6184456478055607,0.619300216960834,2.154158392171141,5.0926,2.6,0.4,0.5
,9.0,2,2.7978859583736675,3.541,3.6184456478055607,0.619300216960834,2.154158392171141,5.0926,2.6,0.4,0.5
,10.0,2,2.7978859583736675,3.541,3.6184456478055607,0.619300216960834,2.154158392171141,5.0926,2.6,0.4,0.5
,11.0,2,2.7978859583736675,3.541,3.6184456478055607,0.619300216960834,2.154158392171141,9.1667,2.6,0.4,0.5
,12.0,2,2.7978859583736675,3.541,3.6184456478055607,0.619300216960834,2.154158392171141,9.1667,2.6,0.4,0.5
,13.0,2,2.7978859583736675,3.541,3.6184456478055607,0.619300216960834,2.154158392171141,9.1667,2.6,0.4,0.5
,14.0,2,2.7978859583736675,3.541,3.6184456478055607,0.619300216960834,2.154158392171141,9.1667,2.6,0.4,0.5
,15.0,3,3.8739959423635395,4.49810746747,5.427668471708341,0.9289503254412511,3.231237588256712,9.1667,2.4,0.4,0.5
,16.0,3,3.8739959423635395,4.49810746747,5.427668471708341,0.9289503254412511,3.231237588256712,9.1667,2.4,0.4,0.5
,17.0,3,3.8739959423635395,4.49810746747,5.427668471708341,0.9289503254412511,3.231237588256712,9.1667,2.4,0.4,0.5
,18.0,3,3.8739959423635395,4.49810746747,5.427668471708341,0.9289503254412511,3.231237588256712,12.2222,2.4,0.4,0.5
,19.0,3,3.8739959423635395,4.49810746747,5.427668471708341,0.9289503254412511,3.231237588256712,12.2222,2.4,0.4,0.5
,20.0,3,3.8739959423635395,4.49810746747,5.427668471708341,0.9289503254412511,3.231237588256712,12.2222,2.4,0.4,0.5
,21.0,3,3.8739959423635395,4.49810746747,5.427668471708341,0.9289503254412511,3.231237588256712,12.2222,2.4,0.4,0.5
,22.0,4,3.8739959423635395,4.49810746747,5.427668471708341,0.9289503254412511,3.231237588256712,12.2222,2.4,0.4,0.5
,23.0,4,3.8739959423635395,4.49810746747,5.427668471708341,0.9289503254412511,3.231237588256712,12.2222,2.4,0.4,0.5
,24.0,4,3.8739959423635395,4.49810746747,5.427668471708341,0.9289503254412511,3.231237588256712,12.2222,2.4,0.4,0.5
,25.0,4,3.8739959423635395,4.49810746747,5.427668471708341,0.9289503254412511,3.231237588256712,12.2222,2.4,0.4,0.5
,26.0,4,3.8739959423635395,4.49810746747,5.427668471708341,0.9289503254412511,3.231237588256712,12.2222,2.4,0.4,0.5
,27.0,4,3.8739959423635395,4.49810746747,5.427668471708341,0.9289503254412511,3.231237588256712,12.2222,2.4,0.4,0.5
,28.0,4,3.8739959423635395,4.49810746747,5.427668471708341,0.9289503254412511,3.231237588256712,12.2222,2.4,0.4,0.5
,29.0,5,3.8739959423635395,4.49810746747,5.427668471708341,0.9289503254412511,3.231237588256712,12.2222,2.4,0.4,0.5
,30.0,5,3.8739959423635395,4.49810746747,5.427668471708341,0.9289503254412511,3.231237588256712,12.2222,2.4,0.4,0.5
,31.0,5,3.8739959423635395,4.49810746747,5.427668471708341,0.9289503254412511,3.231237588256712,12.2222,2.4,0.4,0.5
,32.0,5,3.8739959423635395,4.49810746747,5.427668471708341,0.9289503254412511,3.231237588256712,12.2222,2.4,0.4,0.5
,33.0,5,3.8739959423635395,4.49810746747,5.427668471708341,0.9289503254412511,3.231237588256712,17.3149,2.4,0.4,0.5
,34.0,5,3.8739959423635395,4.49810746747,5.427668471708341,0.9289503254412511,3.231237588256712,17.3149,2.4,0.4,0.5
,35.0,5,3.8739959423635395,4.49810746747,5.427668471708341,0.9289503254412511,3.231237588256712,17.3149,2.4,0.4,0.5
,36.0,6,3.8739959423635395,4.49810746747,5.427668471708341,0.9289503254412511,3.231237588256712,17.3149,2.4,0.4,0.5
,37.0,6,3.8739959423635395,4.49810746747,5.427668471708341,0.9289503254412511,3.231237588256712,17.3149,2.4,0.4,0.5
,38.0,6,3.8739959423635395,4.49810746747,5.427668471708341,0.9289503254412511,3.231237588256712,17.3149,2.4,0.4,0.5
,39.0,6,3.8739959423635395,4.49810746747,5.427668471708341,0.9289503254412511,3.231237588256712,17.3149,2.4,0.4,0.5
,40.0,6,3.8739959423635395,4.49810746747,5.427668471708341,0.9289503254412511,3.231237588256712,17.3149,2.4,0.4,0.5
,41.0,6,3.8739959423635395,4.49810746747,5.427668471708341,0.9289503254412511,3.231237588256712,17.3149,2.4,0.4,0.5
,42.0,6,3.8739959423635395,4.49810746747,5.427668471708341,0.9289503254412511,3.231237588256712,17.3149,2.4,0.4,0.5
,43.0,7,4.950105926353411,2.7019669249174996,7.236891295611121,1.238600433921668,4.308316784342282,17.3149,2.3,0.4,0.5
,44.0,7,4.950105926353411,2.7019669249174996,7.236891295611121,1.238600433921668,4.308316784342282,17.3149,2.3,0.4,0.5
,45.0,7,4.950105926353411,2.7019669249174996,7.236891295611121,1.238600433921668,4.308316784342282,17.3149,2.3,0.4,0.5
,46.0,7,4.950105926353411,2.7019669249174996,7.236891295611121,1.238600433921668,4.308316784342282,17.3149,2.3,0.4,0.5
,47.0,7,4.950105926353411,2.7019669249174996,7.236891295611121,1.238600433921668,4.308316784342282,17.3149,2.3,0.4,0.5
,48.0,7,4.950105926353411,2.7019669249174996,7.236891295611121,1.238600433921668,4.308316784342282,23.426,2.3,0.4,0.5
,49.0,7,4.950105926353411,2.7019669249174996,7.236891295611121,1.238600433921668,4.308316784342282,23.426,2.3,0.4,0.5
,50.0,8,4.950105926353411,2.7019669249174996,7.236891295611121,1.238600433921668,4.308316784342282,23.426,2.3,0.4,0.5
,51.0,8,4.950105926353411,2.7019669249174996,7.236891295611121,1.238600433921668,4.308316784342282,23.426,2.3,0.4,0.5
,52.0,8,4.950105926353411,2.7019669249174996,7.236891295611121,1.238600433921668,4.308316784342282,23.426,2.3,0.4,0.5
,53.0,8,4.950105926353411,2.7019669249174996,7.236891295611121,1.238600433921668,4.308316784342282,23.426,2.3,0.4,0.5
,54.0,8,4.950105926353411,2.7019669249174996,7.236891295611121,1.238600433921668,4.308316784342282,23.426,2.3,0.4,0.5
,55.0,8,4.950105926353411,2.7019669249174996,7.236891295611121,1.238600433921668,4.308316784342282,23.426,2.3,0.4,0.5
,56.0,8,4.950105926353411,2.7019669249174996,7.236891295611121,1.238600433921668,4.308316784342282,23.426,2.3,0.4,0.5
,57.0,9,4.5196619327574625,2.7019669249174996,7.236891295611121,1.238600433921668,4.308316784342282,23.426,2.1,0.4,0.5
,58.0,9,4.5196619327574625,2.7019669249174996,7.236891295611121,1.238600433921668,4.308316784342282,23.426,2.1,0.4,0.5
,59.0,9,4.5196619327574625,2.7019669249174996,7.236891295611121,1.238600433921668,4.308316784342282,23.426,2.1,0.4,0.5
,60.0,9,4.5196619327574625,2.7019669249174996,7.236891295611121,1.238600433921668,4.308316784342282,23.426,2.1,0.4,0.5
,61.0,9,4.5196619327574625,2.7019669249174996,7.236891295611121,1.238600433921668,4.308316784342282,23.426,2.1,0.4,0.5
,62.0,9,4.5196619327574625,2.7019669249174996,7.236891295611121,1.238600433921668,4.308316784342282,23.426,2.1,0.4,0.5
,63.0,9,4.5196619327574625,2.7019669249174996,7.236891295611121,1.238600433921668,4.308316784342282,29.5372,2.1,0.4,0.5
,64.0,10,4.5196619327574625,2.7019669249174996,7.236891295611121,1.238600433921668,4.308316784342282,29.5372,2.1,0.4,0.5
,65.0,10,4.5196619327574625,2.7019669249174996,7.236891295611121,1.238600433921668,4.308316784342282,29.5372,2.1,0.4,0.5
,66.0,10,3.6587739455655646,2.7019669249174996,7.236891295611121,1.238600433921668,4.308316784342282,29.5372,1.7,0.4,0.5
,67.0,10,3.6587739455655646,2.7019669249174996,7.236891295611121,1.238600433921668,4.308316784342282,29.5372,1.7,0.4,0.5
,68.0,10,3.6587739455655646,2.7019669249174996,7.236891295611121,1.238600433921668,4.308316784342282,29.5372,1.7,0.4,0.5
,69.0,10,3.6587739455655646,2.7019669249174996,7.236891295611121,1.238600433921668,4.308316784342282,29.5372,1.7,0.4,0.5
,70.0,10,3.6587739455655646,2.7019669249174996,7.236891295611121,1.238600433921668,4.308316784342282,29.5372,1.7,0.4,0.5
,71.0,11,2.744080459174174,2.2102,5.427668471708341,0.9289503254412511,3.231237588256712,29.5372,1.7,0.4,0.5
,72.0,11,2.744080459174174,2.2102,5.427668471708341,0.9289503254412511,3.231237588256712,29.5372,1.7,0.4,0.5
,73.0,11,2.744080459174174,2.2102,5.427668471708341,0.9289503254412511,3.231237588256712,29.5372,1.7,0.4,0.5
,74.0,11,2.744080459174174,2.2102,5.427668471708341,0.9289503254412511,3.231237588256712,29.5372,1.7,0.4,0.5
,75.0,11,2.744080459174174,2.2102,5.427668471708341,0.9289503254412511,3.231237588256712,29.5372,1.7,0.4,0.5
,76.0,11,2.744080459174174,2.2102,5.427668471708341,0.9289503254412511,3.231237588256712,29.5372,1.7,0.4,0.5
,77.0,11,2.744080459174174,2.2102,5.427668471708341,0.9289503254412511,3.231237588256712,29.5372,1.7,0.4,0.5
,78.0,12,1.7217759743837953,2.2102,3.6184456478055607,0.619300216960834,2.154158392171141,29.5372,1.6,0.4,0.5
,79.0,12,1.7217759743837953,2.2102,3.6184456478055607,0.619300216960834,2.154158392171141,29.5372,1.6,0.4,0.5
,80.0,12,1.7217759743837953,2.2102,3.6184456478055607,0.619300216960834,2.154158392171141,29.5372,1.6,0.4,0.5
,81.0,12,1.7217759743837953,2.2102,3.6184456478055607,0.619300216960834,2.154158392171141,35.6483,1.6,0.4,0.5
,82.0,12,1.7217759743837953,2.2102,3.6184456478055607,0.619300216960834,2.154158392171141,35.6483,1.6,0.4,0.5
,83.0,12,1.7217759743837953,2.2102,3.6184456478055607,0.619300216960834,2.154158392171141,35.6483,1.6,0.4,0.5
,84.0,12,1.7217759743837953,2.2102,3.6184456478055607,0.619300216960834,2.154158392171141,35.6483,1.6,0.4,0.5
,85.0,13,1.7217759743837953,2.2102,3.6184456478055607,0.619300216960834,2.154158392171141,35.6483,1.6,0.4,0.5
,86.0,13,1.7217759743837953,2.2102,3.6184456478055607,0.619300216960834,2.154158392171141,35.6483,1.6,0.4,0.5
,87.0,13,1.7217759743837953,2.2102,3.6184456478055607,0.619300216960834,2.154158392171141,35.6483,1.6,0.4,0.5
,88.0,13,1.7217759743837953,2.2102,3.6184456478055607,0.619300216960834,2.154158392171141,35.6483,1.6,0.4,0.5
,89.0,13,1.7217759743837953,2.2102,3.6184456478055607,0.619300216960834,2.154158392171141,35.6483,1.6,0.4,0.5
,90.0,13,1.7217759743837953,2.2102,3.6184456478055607,0.619300216960834,2.154158392171141,35.6483,1.6,0.4,0.5
,91.0,13,1.7217759743837953,2.2102,3.6184456478055607,0.619300216960834,2.154158392171141,35.6483,1.6,0.4,0.5
