Columna_0,N,Columna_2,P2O5,Columna_4,K2O,Columna_6,MgO,Columna_8,Ca,Columna_10,B,Columna_12
Porcentaje de Elemento,,33.5,,46.0,,60.0,,16.0,,27.0,,20.5
,,0.335,,0.46,,0.6,,0.16,,0.27,,0.205
1,0.9,0.6253191302184727,0.9,1.9565217391304348,0.99,1.6500000000000001,0.16943938764509292,1.0589961727818307,0.58937373,2.182865666666667,5.0926,24.841951219512197
,0.9,0.6253191302184727,0.9,1.9565217391304348,0.99,1.6500000000000001,0.16943938764509292,1.0589961727818307,0.58937373,2.182865666666667,5.0926,24.841951219512197
,0.9,0.6253191302184727,0.9,1.9565217391304348,0.99,1.6500000000000001,0.16943938764509292,1.0589961727818307,0.58937373,2.182865666666667,5.0926,24.841951219512197
,0.9,0.6253191302184727,0.9,1.9565217391304348,0.99,1.6500000000000001,0.16943938764509292,1.0589961727818307,0.58937373,2.182865666666667,5.0926,24.841951219512197
,0.9,0.6253191302184727,0.9,1.9565217391304348,0.99,1.6500000000000001,0.16943938764509292,1.0589961727818307,0.58937373,2.182865666666667,5.0926,24.841951219512197
,0.9,0.6253191302184727,0.9,1.9565217391304348,0.99,1.6500000000000001,0.16943938764509292,1.0589961727818307,0.58937373,2.182865666666667,5.0926,24.841951219512197
,0.9,0.6253191302184727,0.9,1.9565217391304348,0.99,1.6500000000000001,0.16943938764509292,1.0589961727818307,0.58937373,2.182865666666667,5.0926,24.841951219512197
2,0.9,0.6253191302184727,0.9,1.9565217391304348,0.99,1.6500000000000001,0.16943938764509292,1.0589961727818307,0.58937373,2.182865666666667,5.0926,24.841951219512197
,0.9,0.6253191302184727,0.9,1.9565217391304348,0.99,1.6500000000000001,0.16943938764509292,1.0589961727818307,0.58937373,2.182865666666667,5.0926,24.841951219512197
,0.9,0.6253191302184727,0.9,1.9565217391304348,0.99,1.6500000000000001,0.16943938764509292,1.0589961727818307,0.58937373,2.182865666666667,5.0926,24.841951219512197
,0.9,0.6253191302184727,0.9,1.9565217391304348,0.99,1.6500000000000001,0.16943938764509292,1.0589961727818307,0.58937373,2.182865666666667,9.1667,44.715609756097564
,0.9,0.6253191302184727,0.9,1.9565217391304348,0.99,1.6500000000000001,0.16943938764509292,1.0589961727818307,0.58937373,2.182865666666667,9.1667,44.715609756097564
,0.9,0.6253191302184727,0.9,1.9565217391304348,0.99,1.6500000000000001,0.16943938764509292,1.0589961727818307,0.58937373,2.182865666666667,9.1667,44.715609756097564
,0.9,0.6253191302184727,0.9,1.9565217391304348,0.99,1.6500000000000001,0.16943938764509292,1.0589961727818307,0.58937373,2.182865666666667,9.1667,44.715609756097564
3,0.9,0.6253191302184727,0.9,1.9565217391304348,0.99,1.6500000000000001,0.16943938764509292,1.0589961727818307,0.58937373,2.182865666666667,9.1667,44.715609756097564
,0.9,0.6253191302184727,0.9,1.9565217391304348,0.99,1.6500000000000001,0.16943938764509292,1.0589961727818307,0.58937373,2.182865666666667,9.1667,44.715609756097564
,0.9,0.6253191302184727,0.9,1.9565217391304348,0.99,1.6500000000000001,0.16943938764509292,1.0589961727818307,0.58937373,2.182865666666667,9.1667,44.715609756097564
,0.9,0.6253191302184727,0.9,1.9565217391304348,0.99,1.6500000000000001,0.16943938764509292,1.0589961727818307,0.58937373,2.182865666666667,12.2222,59.62048780487805
,0.9,0.6253191302184727,0.9,1.9565217391304348,0.99,1.6500000000000001,0.16943938764509292,1.0589961727818307,0.58937373,2.182865666666667,12.2222,59.62048780487805
,0.9,0.6253191302184727,0.9,1.9565217391304348,0.99,1.6500000000000001,0.16943938764509292,1.0589961727818307,0.58937373,2.182865666666667,12.2222,59.62048780487805
,0.9,0.6253191302184727,0.9,1.9565217391304348,0.99,1.6500000000000001,0.16943938764509292,1.0589961727818307,0.58937373,2.182865666666667,12.2222,59.62048780487805
4,0.9,0.6253191302184727,0.9,1.9565217391304348,0.99,1.6500000000000001,0.16943938764509292,1.0589961727818307,0.58937373,2.182865666666667,12.2222,59.62048780487805
,0.9,0.6253191302184727,0.9,1.9565217391304348,0.99,1.6500000000000001,0.16943938764509292,1.0589961727818307,0.58937373,2.182865666666667,12.2222,59.62048780487805
,0.9,0.6253191302184727,0.9,1.9565217391304348,0.99,1.6500000000000001,0.16943938764509292,1.0589961727818307,0.58937373,2.182865666666667,12.2222,59.62048780487805
,0.9,0.6253191302184727,0.9,1.9565217391304348,0.99,1.6500000000000001,0.16943938764509292,1.0589961727818307,0.58937373,2.182865666666667,12.2222,59.62048780487805
,0.9,0.6253191302184727,0.9,1.9565217391304348,0.99,1.6500000000000001,0.16943938764509292,1.0589961727818307,0.58937373,2.182865666666667,12.2222,59.62048780487805
,0.9,0.6253191302184727,0.9,1.9565217391304348,0.99,1.6500000000000001,0.16943938764509292,1.0589961727818307,0.58937373,2.182865666666667,12.2222,59.62048780487805
,0.9,0.6253191302184727,0.9,1.9565217391304348,0.99,1.6500000000000001,0.16943938764509292,1.0589961727818307,0.58937373,2.182865666666667,12.2222,59.62048780487805
5,0.9,0.6253191302184727,0.9,1.9565217391304348,0.99,1.6500000000000001,0.16943938764509292,1.0589961727818307,0.58937373,2.182865666666667,12.2222,59.62048780487805
,0.9,0.6253191302184727,0.9,1.9565217391304348,0.99,1.6500000000000001,0.16943938764509292,1.0589961727818307,0.58937373,2.182865666666667,12.2222,59.62048780487805
,0.9,0.6253191302184727,0.9,1.9565217391304348,0.99,1.6500000000000001,0.16943938764509292,1.0589961727818307,0.58937373,2.182865666666667,12.2222,59.62048780487805
,0.9,0.6253191302184727,0.9,1.9565217391304348,0.99,1.6500000000000001,0.16943938764509292,1.0589961727818307,0.58937373,2.182865666666667,12.2222,59.62048780487805
,0.9,0.6253191302184727,0.9,1.9565217391304348,0.99,1.6500000000000001,0.16943938764509292,1.0589961727818307,0.58937373,2.182865666666667,17.3149,84.46292682926831
,0.9,0.6253191302184727,0.9,1.9565217391304348,0.99,1.6500000000000001,0.16943938764509292,1.0589961727818307,0.58937373,2.182865666666667,17.3149,84.46292682926831
,0.9,0.6253191302184727,0.9,1.9565217391304348,0.99,1.6500000000000001,0.16943938764509292,1.0589961727818307,0.58937373,2.182865666666667,17.3149,84.46292682926831
6,0.9,0.6253191302184727,0.9,1.9565217391304348,0.99,1.6500000000000001,0.16943938764509292,1.0589961727818307,0.58937373,2.182865666666667,17.3149,84.46292682926831
,0.9,0.6253191302184727,0.9,1.9565217391304348,0.99,1.6500000000000001,0.16943938764509292,1.0589961727818307,0.58937373,2.182865666666667,17.3149,84.46292682926831
,0.9,0.6253191302184727,0.9,1.9565217391304348,0.99,1.6500000000000001,0.16943938764509292,1.0589961727818307,0.58937373,2.182865666666667,17.3149,84.46292682926831
,0.9,0.6253191302184727,0.9,1.9565217391304348,0.99,1.6500000000000001,0.16943938764509292,1.0589961727818307,0.58937373,2.182865666666667,17.3149,84.46292682926831
,0.9,0.6253191302184727,0.9,1.9565217391304348,0.99,1.6500000000000001,0.16943938764509292,1.0589961727818307,0.58937373,2.182865666666667,17.3149,84.46292682926831
,0.9,0.6253191302184727,0.9,1.9565217391304348,0.99,1.6500000000000001,0.16943938764509292,1.0589961727818307,0.58937373,2.182865666666667,17.3149,84.46292682926831
,0.9,0.6253191302184727,0.9,1.9565217391304348,0.99,1.6500000000000001,0.16943938764509292,1.0589961727818307,0.58937373,2.182865666666667,17.3149,84.46292682926831
7,0.9,-0.10893135647847692,1.5286,3.3230434782608693,0.99,1.6500000000000001,0.16943938764509292,1.0589961727818307,0.58937373,2.182865666666667,17.3149,84.46292682926831
,0.9,-0.10893135647847692,1.5286,3.3230434782608693,0.99,1.6500000000000001,0.16943938764509292,1.0589961727818307,0.58937373,2.182865666666667,17.3149,84.46292682926831
,0.9,-0.10893135647847692,1.5286,3.3230434782608693,0.99,1.6500000000000001,0.16943938764509292,1.0589961727818307,0.58937373,2.182865666666667,17.3149,84.46292682926831
,0.9,-0.10893135647847692,1.5286,3.3230434782608693,0.99,1.6500000000000001,0.16943938764509292,1.0589961727818307,0.58937373,2.182865666666667,17.3149,84.46292682926831
,0.9,-0.10893135647847692,1.5286,3.3230434782608693,0.99,1.6500000000000001,0.16943938764509292,1.0589961727818307,0.58937373,2.182865666666667,17.3149,84.46292682926831
,0.9,-0.10893135647847692,1.5286,3.3230434782608693,0.99,1.6500000000000001,0.16943938764509292,1.0589961727818307,0.58937373,2.182865666666667,23.426,114.27317073170731
,0.9,-0.10893135647847692,1.5286,3.3230434782608693,0.99,1.6500000000000001,0.16943938764509292,1.0589961727818307,0.58937373,2.182865666666667,23.426,114.27317073170731
8,0.9,-0.10893135647847692,1.5286,3.3230434782608693,0.99,1.6500000000000001,0.16943938764509292,1.0589961727818307,0.58937373,2.182865666666667,23.426,114.27317073170731
,0.9,-0.10893135647847692,1.5286,3.3230434782608693,0.99,1.6500000000000001,0.16943938764509292,1.0589961727818307,0.58937373,2.182865666666667,23.426,114.27317073170731
,0.9,-0.10893135647847692,1.5286,3.3230434782608693,0.99,1.6500000000000001,0.16943938764509292,1.0589961727818307,0.58937373,2.182865666666667,23.426,114.27317073170731
,0.9,-0.10893135647847692,1.5286,3.3230434782608693,0.99,1.6500000000000001,0.16943938764509292,1.0589961727818307,0.58937373,2.182865666666667,23.426,114.27317073170731
,0.9,-0.10893135647847692,1.5286,3.3230434782608693,0.99,1.6500000000000001,0.16943938764509292,1.0589961727818307,0.58937373,2.182865666666667,23.426,114.27317073170731
,0.9,-0.10893135647847692,1.5286,3.3230434782608693,0.99,1.6500000000000001,0.16943938764509292,1.0589961727818307,0.58937373,2.182865666666667,23.426,114.27317073170731
,0.9,-0.10893135647847692,1.5286,3.3230434782608693,0.99,1.6500000000000001,0.16943938764509292,1.0589961727818307,0.58937373,2.182865666666667,23.426,114.27317073170731
9,0.9,-0.18107297232780187,1.5286,3.3230434782608693,1.0607142857142857,1.767857142857143,0.18154220104831384,1.1346387565519616,0.6314718535714287,2.338784642857143,23.426,114.27317073170731
,0.9,-0.18107297232780187,1.5286,3.3230434782608693,1.0607142857142857,1.767857142857143,0.18154220104831384,1.1346387565519616,0.6314718535714287,2.338784642857143,23.426,114.27317073170731
,0.9,-0.18107297232780187,1.5286,3.3230434782608693,1.0607142857142857,1.767857142857143,0.18154220104831384,1.1346387565519616,0.6314718535714287,2.338784642857143,23.426,114.27317073170731
,0.9,-0.18107297232780187,1.5286,3.3230434782608693,1.0607142857142857,1.767857142857143,0.18154220104831384,1.1346387565519616,0.6314718535714287,2.338784642857143,23.426,114.27317073170731
,0.9,-0.18107297232780187,1.5286,3.3230434782608693,1.0607142857142857,1.767857142857143,0.18154220104831384,1.1346387565519616,0.6314718535714287,2.338784642857143,23.426,114.27317073170731
,0.9,-0.18107297232780187,1.5286,3.3230434782608693,1.0607142857142857,1.767857142857143,0.18154220104831384,1.1346387565519616,0.6314718535714287,2.338784642857143,23.426,114.27317073170731
,0.9,-0.18107297232780187,1.5286,3.3230434782608693,1.0607142857142857,1.767857142857143,0.18154220104831384,1.1346387565519616,0.6314718535714287,2.338784642857143,29.5372,144.0839024390244
10,0.9,-0.18107297232780187,1.5286,3.3230434782608693,1.0607142857142857,1.767857142857143,0.18154220104831384,1.1346387565519616,0.6314718535714287,2.338784642857143,29.5372,144.0839024390244
,0.9,-0.18107297232780187,1.5286,3.3230434782608693,1.0607142857142857,1.767857142857143,0.18154220104831384,1.1346387565519616,0.6314718535714287,2.338784642857143,29.5372,144.0839024390244
,0.9,-0.18107297232780187,1.5286,3.3230434782608693,1.0607142857142857,1.767857142857143,0.18154220104831384,1.1346387565519616,0.6314718535714287,2.338784642857143,29.5372,144.0839024390244
,0.9,-0.18107297232780187,1.5286,3.3230434782608693,1.0607142857142857,1.767857142857143,0.18154220104831384,1.1346387565519616,0.6314718535714287,2.338784642857143,29.5372,144.0839024390244
,0.9,-0.18107297232780187,1.5286,3.3230434782608693,1.0607142857142857,1.767857142857143,0.18154220104831384,1.1346387565519616,0.6314718535714287,2.338784642857143,29.5372,144.0839024390244
,0.9,-0.18107297232780187,1.5286,3.3230434782608693,1.0607142857142857,1.767857142857143,0.18154220104831384,1.1346387565519616,0.6314718535714287,2.338784642857143,29.5372,144.0839024390244
,0.9,-0.18107297232780187,1.5286,3.3230434782608693,1.0607142857142857,1.767857142857143,0.18154220104831384,1.1346387565519616,0.6314718535714287,2.338784642857143,29.5372,144.0839024390244
11,0.9,-0.18107297232780187,1.5286,3.3230434782608693,1.0607142857142857,1.767857142857143,0.18154220104831384,1.1346387565519616,0.6314718535714287,2.338784642857143,29.5372,144.0839024390244
,0.9,-0.18107297232780187,1.5286,3.3230434782608693,1.0607142857142857,1.767857142857143,0.18154220104831384,1.1346387565519616,0.6314718535714287,2.338784642857143,29.5372,144.0839024390244
,0.9,-0.18107297232780187,1.5286,3.3230434782608693,1.0607142857142857,1.767857142857143,0.18154220104831384,1.1346387565519616,0.6314718535714287,2.338784642857143,29.5372,144.0839024390244
,0.9,-0.18107297232780187,1.5286,3.3230434782608693,1.0607142857142857,1.767857142857143,0.18154220104831384,1.1346387565519616,0.6314718535714287,2.338784642857143,29.5372,144.0839024390244
,0.9,-0.18107297232780187,1.5286,3.3230434782608693,1.0607142857142857,1.767857142857143,0.18154220104831384,1.1346387565519616,0.6314718535714287,2.338784642857143,29.5372,144.0839024390244
,0.9,-0.18107297232780187,1.5286,3.3230434782608693,1.0607142857142857,1.767857142857143,0.18154220104831384,1.1346387565519616,0.6314718535714287,2.338784642857143,29.5372,144.0839024390244
,0.9,-0.18107297232780187,1.5286,3.3230434782608693,1.0607142857142857,1.767857142857143,0.18154220104831384,1.1346387565519616,0.6314718535714287,2.338784642857143,29.5372,144.0839024390244
12,0.9,-0.18107297232780187,1.5286,3.3230434782608693,1.0607142857142857,1.767857142857143,0.18154220104831384,1.1346387565519616,0.6314718535714287,2.338784642857143,29.5372,144.0839024390244
,0.9,-0.18107297232780187,1.5286,3.3230434782608693,1.0607142857142857,1.767857142857143,0.18154220104831384,1.1346387565519616,0.6314718535714287,2.338784642857143,29.5372,144.0839024390244
,0.9,-0.18107297232780187,1.5286,3.3230434782608693,1.0607142857142857,1.767857142857143,0.18154220104831384,1.1346387565519616,0.6314718535714287,2.338784642857143,29.5372,144.0839024390244
,0.9,-0.18107297232780187,1.5286,3.3230434782608693,1.0607142857142857,1.767857142857143,0.18154220104831384,1.1346387565519616,0.6314718535714287,2.338784642857143,35.6483,173.89414634146343
,0.9,-0.18107297232780187,1.5286,3.3230434782608693,1.0607142857142857,1.767857142857143,0.18154220104831384,1.1346387565519616,0.6314718535714287,2.338784642857143,35.6483,173.89414634146343
,0.9,-0.18107297232780187,1.5286,3.3230434782608693,1.0607142857142857,1.767857142857143,0.18154220104831384,1.1346387565519616,0.6314718535714287,2.338784642857143,35.6483,173.89414634146343
,0.9,-0.18107297232780187,1.5286,3.3230434782608693,1.0607142857142857,1.767857142857143,0.18154220104831384,1.1346387565519616,0.6314718535714287,2.338784642857143,35.6483,173.89414634146343
13,0.9,-0.3109278808565868,1.5286,3.3230434782608693,1.188,1.98,0.20332726517411148,1.2707954073381968,0.7072484760000001,2.6194388,35.6483,173.89414634146343
,0.9,-0.3109278808565868,1.5286,3.3230434782608693,1.188,1.98,0.20332726517411148,1.2707954073381968,0.7072484760000001,2.6194388,35.6483,173.89414634146343
,0.9,-0.3109278808565868,1.5286,3.3230434782608693,1.188,1.98,0.20332726517411148,1.2707954073381968,0.7072484760000001,2.6194388,35.6483,173.89414634146343
,0.9,-0.3109278808565868,1.5286,3.3230434782608693,1.188,1.98,0.20332726517411148,1.2707954073381968,0.7072484760000001,2.6194388,35.6483,173.89414634146343
,0.9,-0.3109278808565868,1.5286,3.3230434782608693,1.188,1.98,0.20332726517411148,1.2707954073381968,0.7072484760000001,2.6194388,35.6483,173.89414634146343
,0.9,-0.3109278808565868,1.5286,3.3230434782608693,1.188,1.98,0.20332726517411148,1.2707954073381968,0.7072484760000001,2.6194388,35.6483,173.89414634146343
,0.9,-0.3109278808565868,1.5286,3.3230434782608693,1.188,1.98,0.20332726517411148,1.2707954073381968,0.7072484760000001,2.6194388,35.6483,173.89414634146343
14,2.2857,1.959446137386199,1.5286,3.3230434782608693,3.017124,5.0285400000000005,0.5163834777871851,3.2273967361699065,1.796175379548,6.652501405733333,35.6483,173.89414634146343
,2.2857,1.959446137386199,1.5286,3.3230434782608693,3.017124,5.0285400000000005,0.5163834777871851,3.2273967361699065,1.796175379548,6.652501405733333,35.6483,173.89414634146343
,2.2857,1.959446137386199,1.5286,3.3230434782608693,3.017124,5.0285400000000005,0.5163834777871851,3.2273967361699065,1.796175379548,6.652501405733333,35.6483,173.89414634146343
,2.2857,1.959446137386199,1.5286,3.3230434782608693,3.017124,5.0285400000000005,0.5163834777871851,3.2273967361699065,1.796175379548,6.652501405733333,35.6483,173.89414634146343
,2.2857,1.959446137386199,1.5286,3.3230434782608693,3.017124,5.0285400000000005,0.5163834777871851,3.2273967361699065,1.796175379548,6.652501405733333,35.6483,173.89414634146343
,2.2857,1.959446137386199,1.5286,3.3230434782608693,3.017124,5.0285400000000005,0.5163834777871851,3.2273967361699065,1.796175379548,6.652501405733333,35.6483,173.89414634146343
,2.2857,1.959446137386199,1.5286,3.3230434782608693,3.017124,5.0285400000000005,0.5163834777871851,3.2273967361699065,1.796175379548,6.652501405733333,35.6483,173.89414634146343
15,2.2857,1.074747889495219,2.286,4.969565217391304,3.017124,5.0285400000000005,0.5163834777871851,3.2273967361699065,1.796175379548,6.652501405733333,35.6483,173.89414634146343
,2.2857,1.074747889495219,2.286,4.969565217391304,3.017124,5.0285400000000005,0.5163834777871851,3.2273967361699065,1.796175379548,6.652501405733333,35.6483,173.89414634146343
,2.2857,1.074747889495219,2.286,4.969565217391304,3.017124,5.0285400000000005,0.5163834777871851,3.2273967361699065,1.796175379548,6.652501405733333,35.6483,173.89414634146343
,2.2857,1.074747889495219,2.286,4.969565217391304,3.017124,5.0285400000000005,0.5163834777871851,3.2273967361699065,1.796175379548,6.652501405733333,35.6483,173.89414634146343
,2.2857,1.074747889495219,2.286,4.969565217391304,3.017124,5.0285400000000005,0.5163834777871851,3.2273967361699065,1.796175379548,6.652501405733333,35.6483,173.89414634146343
,2.2857,1.074747889495219,2.286,4.969565217391304,3.017124,5.0285400000000005,0.5163834777871851,3.2273967361699065,1.796175379548,6.652501405733333,35.6483,173.89414634146343
,2.2857,1.074747889495219,2.286,4.969565217391304,3.017124,5.0285400000000005,0.5163834777871851,3.2273967361699065,1.796175379548,6.652501405733333,35.6483,173.89414634146343
16,2.2857,1.074747889495219,2.286,4.969565217391304,3.017124,5.0285400000000005,0.5163834777871851,3.2273967361699065,1.796175379548,6.652501405733333,35.6483,173.89414634146343
,2.2857,1.074747889495219,2.286,4.969565217391304,3.017124,5.0285400000000005,0.5163834777871851,3.2273967361699065,1.796175379548,6.652501405733333,35.6483,173.89414634146343
,2.2857,1.074747889495219,2.286,4.969565217391304,3.017124,5.0285400000000005,0.5163834777871851,3.2273967361699065,1.796175379548,6.652501405733333,35.6483,173.89414634146343
,2.2857,1.074747889495219,2.286,4.969565217391304,3.017124,5.0285400000000005,0.5163834777871851,3.2273967361699065,1.796175379548,6.652501405733333,35.6483,173.89414634146343
,2.2857,1.074747889495219,2.286,4.969565217391304,3.017124,5.0285400000000005,0.5163834777871851,3.2273967361699065,1.796175379548,6.652501405733333,35.6483,173.89414634146343
,2.2857,1.074747889495219,2.286,4.969565217391304,3.017124,5.0285400000000005,0.5163834777871851,3.2273967361699065,1.796175379548,6.652501405733333,35.6483,173.89414634146343
,2.2857,1.074747889495219,2.286,4.969565217391304,3.017124,5.0285400000000005,0.5163834777871851,3.2273967361699065,1.796175379548,6.652501405733333,35.6483,173.89414634146343
17,2.2857,0.6550174751579064,2.286,4.969565217391304,3.4285499999999995,5.71425,0.5867994065763467,3.6674962911021667,2.04110838585,7.559660688333333,35.6483,173.89414634146343
,2.2857,0.6550174751579064,2.286,4.969565217391304,3.4285499999999995,5.71425,0.5867994065763467,3.6674962911021667,2.04110838585,7.559660688333333,35.6483,173.89414634146343
,2.2857,0.6550174751579064,2.286,4.969565217391304,3.4285499999999995,5.71425,0.5867994065763467,3.6674962911021667,2.04110838585,7.559660688333333,35.6483,173.89414634146343
,2.2857,0.6550174751579064,2.286,4.969565217391304,3.4285499999999995,5.71425,0.5867994065763467,3.6674962911021667,2.04110838585,7.559660688333333,35.6483,173.89414634146343
,2.2857,0.6550174751579064,2.286,4.969565217391304,3.4285499999999995,5.71425,0.5867994065763467,3.6674962911021667,2.04110838585,7.559660688333333,35.6483,173.89414634146343
,2.2857,0.6550174751579064,2.286,4.969565217391304,3.4285499999999995,5.71425,0.5867994065763467,3.6674962911021667,2.04110838585,7.559660688333333,35.6483,173.89414634146343
,2.2857,0.6550174751579064,2.286,4.969565217391304,3.4285499999999995,5.71425,0.5867994065763467,3.6674962911021667,2.04110838585,7.559660688333333,35.6483,173.89414634146343
18,2.2857,0.6550174751579064,2.286,4.969565217391304,3.4285499999999995,5.71425,0.5867994065763467,3.6674962911021667,2.04110838585,7.559660688333333,35.6483,173.89414634146343
,2.2857,0.6550174751579064,2.286,4.969565217391304,3.4285499999999995,5.71425,0.5867994065763467,3.6674962911021667,2.04110838585,7.559660688333333,35.6483,173.89414634146343
,2.2857,0.6550174751579064,2.286,4.969565217391304,3.4285499999999995,5.71425,0.5867994065763467,3.6674962911021667,2.04110838585,7.559660688333333,35.6483,173.89414634146343
,2.2857,0.6550174751579064,2.286,4.969565217391304,3.4285499999999995,5.71425,0.5867994065763467,3.6674962911021667,2.04110838585,7.559660688333333,35.6483,173.89414634146343
,2.2857,0.6550174751579064,2.286,4.969565217391304,3.4285499999999995,5.71425,0.5867994065763467,3.6674962911021667,2.04110838585,7.559660688333333,35.6483,173.89414634146343
,2.2857,0.6550174751579064,2.286,4.969565217391304,3.4285499999999995,5.71425,0.5867994065763467,3.6674962911021667,2.04110838585,7.559660688333333,35.6483,173.89414634146343
,2.2857,0.6550174751579064,2.286,4.969565217391304,3.4285499999999995,5.71425,0.5867994065763467,3.6674962911021667,2.04110838585,7.559660688333333,35.6483,173.89414634146343
19,1.7,-0.19705767070444882,2.286,4.969565217391304,2.55,4.25,0.43643478635857264,2.727717414741079,1.51808385,5.622532777777778,35.6483,173.89414634146343
,1.7,-0.19705767070444882,2.286,4.969565217391304,2.55,4.25,0.43643478635857264,2.727717414741079,1.51808385,5.622532777777778,35.6483,173.89414634146343
,1.7,-0.19705767070444882,2.286,4.969565217391304,2.55,4.25,0.43643478635857264,2.727717414741079,1.51808385,5.622532777777778,35.6483,173.89414634146343
,1.7,-0.19705767070444882,2.286,4.969565217391304,2.55,4.25,0.43643478635857264,2.727717414741079,1.51808385,5.622532777777778,35.6483,173.89414634146343
,1.7,-0.19705767070444882,2.286,4.969565217391304,2.55,4.25,0.43643478635857264,2.727717414741079,1.51808385,5.622532777777778,35.6483,173.89414634146343
,1.7,-0.19705767070444882,2.286,4.969565217391304,2.55,4.25,0.43643478635857264,2.727717414741079,1.51808385,5.622532777777778,35.6483,173.89414634146343
,1.7,-0.19705767070444882,2.286,4.969565217391304,2.55,4.25,0.43643478635857264,2.727717414741079,1.51808385,5.622532777777778,35.6483,173.89414634146343
20,1.7,-0.19705767070444882,2.286,4.969565217391304,2.55,4.25,0.43643478635857264,2.727717414741079,1.51808385,5.622532777777778,35.6483,173.89414634146343
,1.7,-0.19705767070444882,2.286,4.969565217391304,2.55,4.25,0.43643478635857264,2.727717414741079,1.51808385,5.622532777777778,35.6483,173.89414634146343
,1.7,-0.19705767070444882,2.286,4.969565217391304,2.55,4.25,0.43643478635857264,2.727717414741079,1.51808385,5.622532777777778,35.6483,173.89414634146343
,1.7,-0.19705767070444882,2.286,4.969565217391304,2.55,4.25,0.43643478635857264,2.727717414741079,1.51808385,5.622532777777778,35.6483,173.89414634146343
,1.7,-0.19705767070444882,2.286,4.969565217391304,2.55,4.25,0.43643478635857264,2.727717414741079,1.51808385,5.622532777777778,35.6483,173.89414634146343
,1.7,-0.19705767070444882,2.286,4.969565217391304,2.55,4.25,0.43643478635857264,2.727717414741079,1.51808385,5.622532777777778,35.6483,173.89414634146343
,1.7,-0.19705767070444882,2.286,4.969565217391304,2.55,4.25,0.43643478635857264,2.727717414741079,1.51808385,5.622532777777778,35.6483,173.89414634146343
21,1.7,-0.19705767070444882,2.286,4.969565217391304,2.55,4.25,0.43643478635857264,2.727717414741079,1.51808385,5.622532777777778,35.6483,173.89414634146343
,1.7,-0.19705767070444882,2.286,4.969565217391304,2.55,4.25,0.43643478635857264,2.727717414741079,1.51808385,5.622532777777778,35.6483,173.89414634146343
,1.7,-0.19705767070444882,2.286,4.969565217391304,2.55,4.25,0.43643478635857264,2.727717414741079,1.51808385,5.622532777777778,35.6483,173.89414634146343
,1.7,-0.19705767070444882,2.286,4.969565217391304,2.55,4.25,0.43643478635857264,2.727717414741079,1.51808385,5.622532777777778,35.6483,173.89414634146343
,1.7,-0.19705767070444882,2.286,4.969565217391304,2.55,4.25,0.43643478635857264,2.727717414741079,1.51808385,5.622532777777778,35.6483,173.89414634146343
,1.7,-0.19705767070444882,2.286,4.969565217391304,2.55,4.25,0.43643478635857264,2.727717414741079,1.51808385,5.622532777777778,35.6483,173.89414634146343
,1.7,-0.19705767070444882,2.286,4.969565217391304,2.55,4.25,0.43643478635857264,2.727717414741079,1.51808385,5.622532777777778,35.6483,173.89414634146343
22,1.7,-0.19705767070444882,2.286,4.969565217391304,2.55,4.25,0.43643478635857264,2.727717414741079,1.51808385,5.622532777777778,35.6483,173.89414634146343
,1.7,-0.19705767070444882,2.286,4.969565217391304,2.55,4.25,0.43643478635857264,2.727717414741079,1.51808385,5.622532777777778,35.6483,173.89414634146343
,1.7,-0.19705767070444882,2.286,4.969565217391304,2.55,4.25,0.43643478635857264,2.727717414741079,1.51808385,5.622532777777778,35.6483,173.89414634146343
,1.7,-0.19705767070444882,2.286,4.969565217391304,2.55,4.25,0.43643478635857264,2.727717414741079,1.51808385,5.622532777777778,35.6483,173.89414634146343
,1.7,-0.19705767070444882,2.286,4.969565217391304,2.55,4.25,0.43643478635857264,2.727717414741079,1.51808385,5.622532777777778,35.6483,173.89414634146343
,1.7,-0.19705767070444882,2.286,4.969565217391304,2.55,4.25,0.43643478635857264,2.727717414741079,1.51808385,5.622532777777778,35.6483,173.89414634146343
,1.7,-0.19705767070444882,2.286,4.969565217391304,2.55,4.25,0.43643478635857264,2.727717414741079,1.51808385,5.622532777777778,35.6483,173.89414634146343
23,1.7,-0.77516220175291,2.286,4.969565217391304,3.1166666666666663,5.194444444444444,0.5334202944382554,3.3338768402390966,1.8554358166666667,6.871984506172839,35.6483,173.89414634146343
,1.7,-0.77516220175291,2.286,4.969565217391304,3.1166666666666663,5.194444444444444,0.5334202944382554,3.3338768402390966,1.8554358166666667,6.871984506172839,35.6483,173.89414634146343
,1.7,-0.77516220175291,2.286,4.969565217391304,3.1166666666666663,5.194444444444444,0.5334202944382554,3.3338768402390966,1.8554358166666667,6.871984506172839,35.6483,173.89414634146343
,1.7,-0.77516220175291,2.286,4.969565217391304,3.1166666666666663,5.194444444444444,0.5334202944382554,3.3338768402390966,1.8554358166666667,6.871984506172839,35.6483,173.89414634146343
,1.7,-0.77516220175291,2.286,4.969565217391304,3.1166666666666663,5.194444444444444,0.5334202944382554,3.3338768402390966,1.8554358166666667,6.871984506172839,35.6483,173.89414634146343
,1.7,-0.77516220175291,2.286,4.969565217391304,3.1166666666666663,5.194444444444444,0.5334202944382554,3.3338768402390966,1.8554358166666667,6.871984506172839,35.6483,173.89414634146343
,1.7,-0.77516220175291,2.286,4.969565217391304,3.1166666666666663,5.194444444444444,0.5334202944382554,3.3338768402390966,1.8554358166666667,6.871984506172839,35.6483,173.89414634146343
24,1.7,-0.24368913231747785,1.831,3.9804347826086954,3.1166666666666663,5.194444444444444,0.5334202944382554,3.3338768402390966,1.8554358166666667,6.871984506172839,35.6483,173.89414634146343
,1.7,-0.24368913231747785,1.831,3.9804347826086954,3.1166666666666663,5.194444444444444,0.5334202944382554,3.3338768402390966,1.8554358166666667,6.871984506172839,35.6483,173.89414634146343
,1.7,-0.24368913231747785,1.831,3.9804347826086954,3.1166666666666663,5.194444444444444,0.5334202944382554,3.3338768402390966,1.8554358166666667,6.871984506172839,35.6483,173.89414634146343
,1.7,-0.24368913231747785,1.831,3.9804347826086954,3.1166666666666663,5.194444444444444,0.5334202944382554,3.3338768402390966,1.8554358166666667,6.871984506172839,35.6483,173.89414634146343
,1.7,-0.24368913231747785,1.831,3.9804347826086954,3.1166666666666663,5.194444444444444,0.5334202944382554,3.3338768402390966,1.8554358166666667,6.871984506172839,35.6483,173.89414634146343
,1.7,-0.24368913231747785,1.831,3.9804347826086954,3.1166666666666663,5.194444444444444,0.5334202944382554,3.3338768402390966,1.8554358166666667,6.871984506172839,35.6483,173.89414634146343
,1.7,-0.24368913231747785,1.831,3.9804347826086954,3.1166666666666663,5.194444444444444,0.5334202944382554,3.3338768402390966,1.8554358166666667,6.871984506172839,35.6483,173.89414634146343
25,1.7,-0.24368913231747785,1.831,3.9804347826086954,3.1166666666666663,5.194444444444444,0.5334202944382554,3.3338768402390966,1.8554358166666667,6.871984506172839,35.6483,173.89414634146343
,1.7,-0.24368913231747785,1.831,3.9804347826086954,3.1166666666666663,5.194444444444444,0.5334202944382554,3.3338768402390966,1.8554358166666667,6.871984506172839,35.6483,173.89414634146343
,1.7,-0.24368913231747785,1.831,3.9804347826086954,3.1166666666666663,5.194444444444444,0.5334202944382554,3.3338768402390966,1.8554358166666667,6.871984506172839,35.6483,173.89414634146343
,1.7,-0.24368913231747785,1.831,3.9804347826086954,3.1166666666666663,5.194444444444444,0.5334202944382554,3.3338768402390966,1.8554358166666667,6.871984506172839,35.6483,173.89414634146343
,1.7,-0.24368913231747785,1.831,3.9804347826086954,3.1166666666666663,5.194444444444444,0.5334202944382554,3.3338768402390966,1.8554358166666667,6.871984506172839,35.6483,173.89414634146343
,1.7,-0.24368913231747785,1.831,3.9804347826086954,3.1166666666666663,5.194444444444444,0.5334202944382554,3.3338768402390966,1.8554358166666667,6.871984506172839,35.6483,173.89414634146343
,1.7,-0.24368913231747785,1.831,3.9804347826086954,3.1166666666666663,5.194444444444444,0.5334202944382554,3.3338768402390966,1.8554358166666667,6.871984506172839,35.6483,173.89414634146343
26,1.7,-0.24368913231747785,1.831,3.9804347826086954,3.1166666666666663,5.194444444444444,0.5334202944382554,3.3338768402390966,1.8554358166666667,6.871984506172839,35.6483,173.89414634146343
,1.7,-0.24368913231747785,1.831,3.9804347826086954,3.1166666666666663,5.194444444444444,0.5334202944382554,3.3338768402390966,1.8554358166666667,6.871984506172839,35.6483,173.89414634146343
,1.7,-0.24368913231747785,1.831,3.9804347826086954,3.1166666666666663,5.194444444444444,0.5334202944382554,3.3338768402390966,1.8554358166666667,6.871984506172839,35.6483,173.89414634146343
,1.7,-0.24368913231747785,1.831,3.9804347826086954,3.1166666666666663,5.194444444444444,0.5334202944382554,3.3338768402390966,1.8554358166666667,6.871984506172839,35.6483,173.89414634146343
,1.7,-0.24368913231747785,1.831,3.9804347826086954,3.1166666666666663,5.194444444444444,0.5334202944382554,3.3338768402390966,1.8554358166666667,6.871984506172839,35.6483,173.89414634146343
,1.7,-0.24368913231747785,1.831,3.9804347826086954,3.1166666666666663,5.194444444444444,0.5334202944382554,3.3338768402390966,1.8554358166666667,6.871984506172839,35.6483,173.89414634146343
,1.7,-0.24368913231747785,1.831,3.9804347826086954,3.1166666666666663,5.194444444444444,0.5334202944382554,3.3338768402390966,1.8554358166666667,6.871984506172839,35.6483,173.89414634146343
27,1.7,-0.24368913231747785,1.831,3.9804347826086954,3.1166666666666663,5.194444444444444,0.5334202944382554,3.3338768402390966,1.8554358166666667,6.871984506172839,35.6483,173.89414634146343
,1.7,-0.24368913231747785,1.831,3.9804347826086954,3.1166666666666663,5.194444444444444,0.5334202944382554,3.3338768402390966,1.8554358166666667,6.871984506172839,35.6483,173.89414634146343
,1.7,-0.24368913231747785,1.831,3.9804347826086954,3.1166666666666663,5.194444444444444,0.5334202944382554,3.3338768402390966,1.8554358166666667,6.871984506172839,35.6483,173.89414634146343
,1.7,-0.24368913231747785,1.831,3.9804347826086954,3.1166666666666663,5.194444444444444,0.5334202944382554,3.3338768402390966,1.8554358166666667,6.871984506172839,35.6483,173.89414634146343
,1.7,-0.24368913231747785,1.831,3.9804347826086954,3.1166666666666663,5.194444444444444,0.5334202944382554,3.3338768402390966,1.8554358166666667,6.871984506172839,35.6483,173.89414634146343
,1.7,-0.24368913231747785,1.831,3.9804347826086954,3.1166666666666663,5.194444444444444,0.5334202944382554,3.3338768402390966,1.8554358166666667,6.871984506172839,35.6483,173.89414634146343
,1.7,-0.24368913231747785,1.831,3.9804347826086954,3.1166666666666663,5.194444444444444,0.5334202944382554,3.3338768402390966,1.8554358166666667,6.871984506172839,35.6483,173.89414634146343
28,1.7,-0.24368913231747785,1.831,3.9804347826086954,3.1166666666666663,5.194444444444444,0.5334202944382554,3.3338768402390966,1.8554358166666667,6.871984506172839,35.6483,173.89414634146343
,1.7,-0.24368913231747785,1.831,3.9804347826086954,3.1166666666666663,5.194444444444444,0.5334202944382554,3.3338768402390966,1.8554358166666667,6.871984506172839,35.6483,173.89414634146343
,1.7,0.8437865328350199,0.9,1.9565217391304348,3.1166666666666663,5.194444444444444,0.5334202944382554,3.3338768402390966,1.8554358166666667,6.871984506172839,35.6483,173.89414634146343
,1.7,0.8437865328350199,0.9,1.9565217391304348,3.1166666666666663,5.194444444444444,0.5334202944382554,3.3338768402390966,1.8554358166666667,6.871984506172839,35.6483,173.89414634146343
,1.7,0.8437865328350199,0.9,1.9565217391304348,3.1166666666666663,5.194444444444444,0.5334202944382554,3.3338768402390966,1.8554358166666667,6.871984506172839,35.6483,173.89414634146343
,1.7,0.8437865328350199,0.9,1.9565217391304348,3.1166666666666663,5.194444444444444,0.5334202944382554,3.3338768402390966,1.8554358166666667,6.871984506172839,35.6483,173.89414634146343
,1.7,0.8437865328350199,0.9,1.9565217391304348,3.1166666666666663,5.194444444444444,0.5334202944382554,3.3338768402390966,1.8554358166666667,6.871984506172839,35.6483,173.89414634146343
29,1.7,0.8437865328350199,0.9,1.9565217391304348,3.1166666666666663,5.194444444444444,0.5334202944382554,3.3338768402390966,1.8554358166666667,6.871984506172839,35.6483,173.89414634146343
,1.7,0.8437865328350199,0.9,1.9565217391304348,3.1166666666666663,5.194444444444444,0.5334202944382554,3.3338768402390966,1.8554358166666667,6.871984506172839,35.6483,173.89414634146343
,1.7,0.8437865328350199,0.9,1.9565217391304348,3.1166666666666663,5.194444444444444,0.5334202944382554,3.3338768402390966,1.8554358166666667,6.871984506172839,35.6483,173.89414634146343
,1.7,0.8437865328350199,0.9,1.9565217391304348,3.1166666666666663,5.194444444444444,0.5334202944382554,3.3338768402390966,1.8554358166666667,6.871984506172839,35.6483,173.89414634146343
,1.7,0.8437865328350199,0.9,1.9565217391304348,3.1166666666666663,5.194444444444444,0.5334202944382554,3.3338768402390966,1.8554358166666667,6.871984506172839,35.6483,173.89414634146343
,1.7,0.8437865328350199,0.9,1.9565217391304348,3.1166666666666663,5.194444444444444,0.5334202944382554,3.3338768402390966,1.8554358166666667,6.871984506172839,35.6483,173.89414634146343
,1.7,0.8437865328350199,0.9,1.9565217391304348,3.1166666666666663,5.194444444444444,0.5334202944382554,3.3338768402390966,1.8554358166666667,6.871984506172839,35.6483,173.89414634146343
30,1.7,0.8437865328350199,0.9,1.9565217391304348,3.1166666666666663,5.194444444444444,0.5334202944382554,3.3338768402390966,1.8554358166666667,6.871984506172839,35.6483,173.89414634146343
,1.7,0.8437865328350199,0.9,1.9565217391304348,3.1166666666666663,5.194444444444444,0.5334202944382554,3.3338768402390966,1.8554358166666667,6.871984506172839,35.6483,173.89414634146343
,1.7,0.8437865328350199,0.9,1.9565217391304348,3.1166666666666663,5.194444444444444,0.5334202944382554,3.3338768402390966,1.8554358166666667,6.871984506172839,35.6483,173.89414634146343
,1.7,0.8437865328350199,0.9,1.9565217391304348,3.1166666666666663,5.194444444444444,0.5334202944382554,3.3338768402390966,1.8554358166666667,6.871984506172839,35.6483,173.89414634146343
,1.7,0.8437865328350199,0.9,1.9565217391304348,3.1166666666666663,5.194444444444444,0.5334202944382554,3.3338768402390966,1.8554358166666667,6.871984506172839,35.6483,173.89414634146343
,1.7,0.8437865328350199,0.9,1.9565217391304348,3.1166666666666663,5.194444444444444,0.5334202944382554,3.3338768402390966,1.8554358166666667,6.871984506172839,35.6483,173.89414634146343
,1.7,0.8437865328350199,0.9,1.9565217391304348,3.1166666666666663,5.194444444444444,0.5334202944382554,3.3338768402390966,1.8554358166666667,6.871984506172839,35.6483,173.89414634146343
31,1.7,0.8437865328350199,0.9,1.9565217391304348,3.1166666666666663,5.194444444444444,0.5334202944382554,3.3338768402390966,1.8554358166666667,6.871984506172839,35.6483,173.89414634146343
,1.7,0.8437865328350199,0.9,1.9565217391304348,3.1166666666666663,5.194444444444444,0.5334202944382554,3.3338768402390966,1.8554358166666667,6.871984506172839,35.6483,173.89414634146343
,1.7,0.8437865328350199,0.9,1.9565217391304348,3.1166666666666663,5.194444444444444,0.5334202944382554,3.3338768402390966,1.8554358166666667,6.871984506172839,35.6483,173.89414634146343
,1.7,0.8437865328350199,0.9,1.9565217391304348,3.1166666666666663,5.194444444444444,0.5334202944382554,3.3338768402390966,1.8554358166666667,6.871984506172839,35.6483,173.89414634146343
,1.7,0.8437865328350199,0.9,1.9565217391304348,3.1166666666666663,5.194444444444444,0.5334202944382554,3.3338768402390966,1.8554358166666667,6.871984506172839,35.6483,173.89414634146343
,1.7,0.8437865328350199,0.9,1.9565217391304348,3.1166666666666663,5.194444444444444,0.5334202944382554,3.3338768402390966,1.8554358166666667,6.871984506172839,35.6483,173.89414634146343
,1.7,0.8437865328350199,0.9,1.9565217391304348,3.1166666666666663,5.194444444444444,0.5334202944382554,3.3338768402390966,1.8554358166666667,6.871984506172839,35.6483,173.89414634146343
32,1.7,0.8437865328350199,0.9,1.9565217391304348,3.1166666666666663,5.194444444444444,0.5334202944382554,3.3338768402390966,1.8554358166666667,6.871984506172839,35.6483,173.89414634146343
,1.7,0.8437865328350199,0.9,1.9565217391304348,3.1166666666666663,5.194444444444444,0.5334202944382554,3.3338768402390966,1.8554358166666667,6.871984506172839,35.6483,173.89414634146343
,1.7,0.8437865328350199,0.9,1.9565217391304348,3.1166666666666663,5.194444444444444,0.5334202944382554,3.3338768402390966,1.8554358166666667,6.871984506172839,35.6483,173.89414634146343
,1.7,0.8437865328350199,0.9,1.9565217391304348,3.1166666666666663,5.194444444444444,0.5334202944382554,3.3338768402390966,1.8554358166666667,6.871984506172839,35.6483,173.89414634146343
,1.7,0.8437865328350199,0.9,1.9565217391304348,3.1166666666666663,5.194444444444444,0.5334202944382554,3.3338768402390966,1.8554358166666667,6.871984506172839,35.6483,173.89414634146343
,1.7,0.8437865328350199,0.9,1.9565217391304348,3.1166666666666663,5.194444444444444,0.5334202944382554,3.3338768402390966,1.8554358166666667,6.871984506172839,35.6483,173.89414634146343
,1.7,0.8437865328350199,0.9,1.9565217391304348,3.1166666666666663,5.194444444444444,0.5334202944382554,3.3338768402390966,1.8554358166666667,6.871984506172839,35.6483,173.89414634146343
33,1.7,0.8437865328350199,0.9,1.9565217391304348,3.1166666666666663,5.194444444444444,0.5334202944382554,3.3338768402390966,1.8554358166666667,6.871984506172839,35.6483,173.89414634146343
,1.7,0.8437865328350199,0.9,1.9565217391304348,3.1166666666666663,5.194444444444444,0.5334202944382554,3.3338768402390966,1.8554358166666667,6.871984506172839,35.6483,173.89414634146343
,1.7,0.8437865328350199,0.9,1.9565217391304348,3.1166666666666663,5.194444444444444,0.5334202944382554,3.3338768402390966,1.8554358166666667,6.871984506172839,35.6483,173.89414634146343
,1.7,0.8437865328350199,0.9,1.9565217391304348,3.1166666666666663,5.194444444444444,0.5334202944382554,3.3338768402390966,1.8554358166666667,6.871984506172839,35.6483,173.89414634146343
,1.7,0.8437865328350199,0.9,1.9565217391304348,3.1166666666666663,5.194444444444444,0.5334202944382554,3.3338768402390966,1.8554358166666667,6.871984506172839,35.6483,173.89414634146343
,1.7,0.8437865328350199,0.9,1.9565217391304348,3.1166666666666663,5.194444444444444,0.5334202944382554,3.3338768402390966,1.8554358166666667,6.871984506172839,35.6483,173.89414634146343
,1.7,0.8437865328350199,0.9,1.9565217391304348,3.1166666666666663,5.194444444444444,0.5334202944382554,3.3338768402390966,1.8554358166666667,6.871984506172839,35.6483,173.89414634146343
34,1.7,0.8437865328350199,0.9,1.9565217391304348,3.1166666666666663,5.194444444444444,0.5334202944382554,3.3338768402390966,1.8554358166666667,6.871984506172839,35.6483,173.89414634146343
,1.7,0.8437865328350199,0.9,1.9565217391304348,3.1166666666666663,5.194444444444444,0.5334202944382554,3.3338768402390966,1.8554358166666667,6.871984506172839,35.6483,173.89414634146343
,1.7,0.8437865328350199,0.9,1.9565217391304348,3.1166666666666663,5.194444444444444,0.5334202944382554,3.3338768402390966,1.8554358166666667,6.871984506172839,35.6483,173.89414634146343
,1.7,0.8437865328350199,0.9,1.9565217391304348,3.1166666666666663,5.194444444444444,0.5334202944382554,3.3338768402390966,1.8554358166666667,6.871984506172839,35.6483,173.89414634146343
,1.7,0.8437865328350199,0.9,1.9565217391304348,3.1166666666666663,5.194444444444444,0.5334202944382554,3.3338768402390966,1.8554358166666667,6.871984506172839,35.6483,173.89414634146343
,1.7,0.8437865328350199,0.9,1.9565217391304348,3.1166666666666663,5.194444444444444,0.5334202944382554,3.3338768402390966,1.8554358166666667,6.871984506172839,35.6483,173.89414634146343
,1.7,0.8437865328350199,0.9,1.9565217391304348,3.1166666666666663,5.194444444444444,0.5334202944382554,3.3338768402390966,1.8554358166666667,6.871984506172839,35.6483,173.89414634146343
35,1.7,0.8437865328350199,0.9,1.9565217391304348,3.1166666666666663,5.194444444444444,0.5334202944382554,3.3338768402390966,1.8554358166666667,6.871984506172839,35.6483,173.89414634146343
,1.7,0.8437865328350199,0.9,1.9565217391304348,3.1166666666666663,5.194444444444444,0.5334202944382554,3.3338768402390966,1.8554358166666667,6.871984506172839,35.6483,173.89414634146343
,1.7,0.8437865328350199,0.9,1.9565217391304348,3.1166666666666663,5.194444444444444,0.5334202944382554,3.3338768402390966,1.8554358166666667,6.871984506172839,35.6483,173.89414634146343
,1.7,0.8437865328350199,0.9,1.9565217391304348,3.1166666666666663,5.194444444444444,0.5334202944382554,3.3338768402390966,1.8554358166666667,6.871984506172839,35.6483,173.89414634146343
,1.7,0.8437865328350199,0.9,1.9565217391304348,3.1166666666666663,5.194444444444444,0.5334202944382554,3.3338768402390966,1.8554358166666667,6.871984506172839,35.6483,173.89414634146343
,1.7,0.8437865328350199,0.9,1.9565217391304348,3.1166666666666663,5.194444444444444,0.5334202944382554,3.3338768402390966,1.8554358166666667,6.871984506172839,35.6483,173.89414634146343
,1.7,0.8437865328350199,0.9,1.9565217391304348,3.1166666666666663,5.194444444444444,0.5334202944382554,3.3338768402390966,1.8554358166666667,6.871984506172839,35.6483,173.89414634146343
36,1.7,0.8437865328350199,0.9,1.9565217391304348,3.1166666666666663,5.194444444444444,0.5334202944382554,3.3338768402390966,1.8554358166666667,6.871984506172839,35.6483,173.89414634146343
,1.7,0.8437865328350199,0.9,1.9565217391304348,3.1166666666666663,5.194444444444444,0.5334202944382554,3.3338768402390966,1.8554358166666667,6.871984506172839,35.6483,173.89414634146343
,1.7,0.8437865328350199,0.9,1.9565217391304348,3.1166666666666663,5.194444444444444,0.5334202944382554,3.3338768402390966,1.8554358166666667,6.871984506172839,35.6483,173.89414634146343
,1.7,0.8437865328350199,0.9,1.9565217391304348,3.1166666666666663,5.194444444444444,0.5334202944382554,3.3338768402390966,1.8554358166666667,6.871984506172839,35.6483,173.89414634146343
,1.7,0.8437865328350199,0.9,1.9565217391304348,3.1166666666666663,5.194444444444444,0.5334202944382554,3.3338768402390966,1.8554358166666667,6.871984506172839,35.6483,173.89414634146343
,1.7,0.8437865328350199,0.9,1.9565217391304348,3.1166666666666663,5.194444444444444,0.5334202944382554,3.3338768402390966,1.8554358166666667,6.871984506172839,35.6483,173.89414634146343
,1.7,0.8437865328350199,0.9,1.9565217391304348,3.1166666666666663,5.194444444444444,0.5334202944382554,3.3338768402390966,1.8554358166666667,6.871984506172839,35.6483,173.89414634146343
37,1.7,0.8437865328350199,0.9,1.9565217391304348,3.1166666666666663,5.194444444444444,0.5334202944382554,3.3338768402390966,1.8554358166666667,6.871984506172839,35.6483,173.89414634146343
,1.7,0.8437865328350199,0.9,1.9565217391304348,3.1166666666666663,5.194444444444444,0.5334202944382554,3.3338768402390966,1.8554358166666667,6.871984506172839,35.6483,173.89414634146343
,1.7,0.8437865328350199,0.9,1.9565217391304348,3.1166666666666663,5.194444444444444,0.5334202944382554,3.3338768402390966,1.8554358166666667,6.871984506172839,35.6483,173.89414634146343
,1.7,0.8437865328350199,0.9,1.9565217391304348,3.1166666666666663,5.194444444444444,0.5334202944382554,3.3338768402390966,1.8554358166666667,6.871984506172839,35.6483,173.89414634146343
,1.7,0.8437865328350199,0.9,1.9565217391304348,3.1166666666666663,5.194444444444444,0.5334202944382554,3.3338768402390966,1.8554358166666667,6.871984506172839,35.6483,173.89414634146343
,1.7,0.8437865328350199,0.9,1.9565217391304348,3.1166666666666663,5.194444444444444,0.5334202944382554,3.3338768402390966,1.8554358166666667,6.871984506172839,35.6483,173.89414634146343
,1.7,0.8437865328350199,0.9,1.9565217391304348,3.1166666666666663,5.194444444444444,0.5334202944382554,3.3338768402390966,1.8554358166666667,6.871984506172839,35.6483,173.89414634146343
38,1.7,0.8437865328350199,0.9,1.9565217391304348,3.1166666666666663,5.194444444444444,0.5334202944382554,3.3338768402390966,1.8554358166666667,6.871984506172839,35.6483,173.89414634146343
,1.7,0.8437865328350199,0.9,1.9565217391304348,3.1166666666666663,5.194444444444444,0.5334202944382554,3.3338768402390966,1.8554358166666667,6.871984506172839,35.6483,173.89414634146343
,1.7,0.8437865328350199,0.9,1.9565217391304348,3.1166666666666663,5.194444444444444,0.5334202944382554,3.3338768402390966,1.8554358166666667,6.871984506172839,35.6483,173.89414634146343
,1.7,0.8437865328350199,0.9,1.9565217391304348,3.1166666666666663,5.194444444444444,0.5334202944382554,3.3338768402390966,1.8554358166666667,6.871984506172839,35.6483,173.89414634146343
,1.7,0.8437865328350199,0.9,1.9565217391304348,3.1166666666666663,5.194444444444444,0.5334202944382554,3.3338768402390966,1.8554358166666667,6.871984506172839,35.6483,173.89414634146343
,1.7,0.8437865328350199,0.9,1.9565217391304348,3.1166666666666663,5.194444444444444,0.5334202944382554,3.3338768402390966,1.8554358166666667,6.871984506172839,35.6483,173.89414634146343
,1.7,0.8437865328350199,0.9,1.9565217391304348,3.1166666666666663,5.194444444444444,0.5334202944382554,3.3338768402390966,1.8554358166666667,6.871984506172839,35.6483,173.89414634146343
39,1.7,0.8437865328350199,0.9,1.9565217391304348,3.1166666666666663,5.194444444444444,0.5334202944382554,3.3338768402390966,1.8554358166666667,6.871984506172839,35.6483,173.89414634146343
,1.7,0.8437865328350199,0.9,1.9565217391304348,3.1166666666666663,5.194444444444444,0.5334202944382554,3.3338768402390966,1.8554358166666667,6.871984506172839,35.6483,173.89414634146343
,1.7,0.8437865328350199,0.9,1.9565217391304348,3.1166666666666663,5.194444444444444,0.5334202944382554,3.3338768402390966,1.8554358166666667,6.871984506172839,35.6483,173.89414634146343
,1.7,0.8437865328350199,0.9,1.9565217391304348,3.1166666666666663,5.194444444444444,0.5334202944382554,3.3338768402390966,1.8554358166666667,6.871984506172839,35.6483,173.89414634146343
,1.7,0.8437865328350199,0.9,1.9565217391304348,3.1166666666666663,5.194444444444444,0.5334202944382554,3.3338768402390966,1.8554358166666667,6.871984506172839,35.6483,173.89414634146343
,1.7,0.8437865328350199,0.9,1.9565217391304348,3.1166666666666663,5.194444444444444,0.5334202944382554,3.3338768402390966,1.8554358166666667,6.871984506172839,35.6483,173.89414634146343
,1.7,0.8437865328350199,0.9,1.9565217391304348,3.1166666666666663,5.194444444444444,0.5334202944382554,3.3338768402390966,1.8554358166666667,6.871984506172839,35.6483,173.89414634146343
40,1.7,0.8437865328350199,0.9,1.9565217391304348,3.1166666666666663,5.194444444444444,0.5334202944382554,3.3338768402390966,1.8554358166666667,6.871984506172839,35.6483,173.89414634146343
,1.7,0.8437865328350199,0.9,1.9565217391304348,3.1166666666666663,5.194444444444444,0.5334202944382554,3.3338768402390966,1.8554358166666667,6.871984506172839,35.6483,173.89414634146343
,1.7,0.8437865328350199,0.9,1.9565217391304348,3.1166666666666663,5.194444444444444,0.5334202944382554,3.3338768402390966,1.8554358166666667,6.871984506172839,35.6483,173.89414634146343
,1.7,0.8437865328350199,0.9,1.9565217391304348,3.1166666666666663,5.194444444444444,0.5334202944382554,3.3338768402390966,1.8554358166666667,6.871984506172839,35.6483,173.89414634146343
,1.7,0.8437865328350199,0.9,1.9565217391304348,3.1166666666666663,5.194444444444444,0.5334202944382554,3.3338768402390966,1.8554358166666667,6.871984506172839,35.6483,173.89414634146343
,1.7,0.8437865328350199,0.9,1.9565217391304348,3.1166666666666663,5.194444444444444,0.5334202944382554,3.3338768402390966,1.8554358166666667,6.871984506172839,35.6483,173.89414634146343
,1.7,0.8437865328350199,0.9,1.9565217391304348,3.1166666666666663,5.194444444444444,0.5334202944382554,3.3338768402390966,1.8554358166666667,6.871984506172839,35.6483,173.89414634146343
41,1.7,0.8437865328350199,0.9,1.9565217391304348,3.1166666666666663,5.194444444444444,0.5334202944382554,3.3338768402390966,1.8554358166666667,6.871984506172839,35.6483,173.89414634146343
,1.7,0.8437865328350199,0.9,1.9565217391304348,3.1166666666666663,5.194444444444444,0.5334202944382554,3.3338768402390966,1.8554358166666667,6.871984506172839,35.6483,173.89414634146343
,1.7,0.8437865328350199,0.9,1.9565217391304348,3.1166666666666663,5.194444444444444,0.5334202944382554,3.3338768402390966,1.8554358166666667,6.871984506172839,35.6483,173.89414634146343
,1.7,0.8437865328350199,0.9,1.9565217391304348,3.1166666666666663,5.194444444444444,0.5334202944382554,3.3338768402390966,1.8554358166666667,6.871984506172839,35.6483,173.89414634146343
,1.7,0.8437865328350199,0.9,1.9565217391304348,3.1166666666666663,5.194444444444444,0.5334202944382554,3.3338768402390966,1.8554358166666667,6.871984506172839,35.6483,173.89414634146343
,1.7,0.8437865328350199,0.9,1.9565217391304348,3.1166666666666663,5.194444444444444,0.5334202944382554,3.3338768402390966,1.8554358166666667,6.871984506172839,35.6483,173.89414634146343
,1.7,0.8437865328350199,0.9,1.9565217391304348,3.1166666666666663,5.194444444444444,0.5334202944382554,3.3338768402390966,1.8554358166666667,6.871984506172839,35.6483,173.89414634146343
42,1.7,0.8437865328350199,0.9,1.9565217391304348,3.1166666666666663,5.194444444444444,0.5334202944382554,3.3338768402390966,1.8554358166666667,6.871984506172839,35.6483,173.89414634146343
,1.7,0.8437865328350199,0.9,1.9565217391304348,3.1166666666666663,5.194444444444444,0.5334202944382554,3.3338768402390966,1.8554358166666667,6.871984506172839,35.6483,173.89414634146343
,1.7,0.8437865328350199,0.9,1.9565217391304348,3.1166666666666663,5.194444444444444,0.5334202944382554,3.3338768402390966,1.8554358166666667,6.871984506172839,35.6483,173.89414634146343
,1.7,0.8437865328350199,0.9,1.9565217391304348,3.1166666666666663,5.194444444444444,0.5334202944382554,3.3338768402390966,1.8554358166666667,6.871984506172839,35.6483,173.89414634146343
,1.7,0.8437865328350199,0.9,1.9565217391304348,3.1166666666666663,5.194444444444444,0.5334202944382554,3.3338768402390966,1.8554358166666667,6.871984506172839,35.6483,173.89414634146343
,1.7,0.8437865328350199,0.9,1.9565217391304348,3.1166666666666663,5.194444444444444,0.5334202944382554,3.3338768402390966,1.8554358166666667,6.871984506172839,35.6483,173.89414634146343
,1.7,0.8437865328350199,0.9,1.9565217391304348,3.1166666666666663,5.194444444444444,0.5334202944382554,3.3338768402390966,1.8554358166666667,6.871984506172839,35.6483,173.89414634146343
43,1.7,0.8437865328350199,0.9,1.9565217391304348,3.1166666666666663,5.194444444444444,0.5334202944382554,3.3338768402390966,1.8554358166666667,6.871984506172839,35.6483,173.89414634146343
,1.7,0.8437865328350199,0.9,1.9565217391304348,3.1166666666666663,5.194444444444444,0.5334202944382554,3.3338768402390966,1.8554358166666667,6.871984506172839,35.6483,173.89414634146343
,1.7,0.8437865328350199,0.9,1.9565217391304348,3.1166666666666663,5.194444444444444,0.5334202944382554,3.3338768402390966,1.8554358166666667,6.871984506172839,35.6483,173.89414634146343
,1.7,0.8437865328350199,0.9,1.9565217391304348,3.1166666666666663,5.194444444444444,0.5334202944382554,3.3338768402390966,1.8554358166666667,6.871984506172839,35.6483,173.89414634146343
,1.7,0.8437865328350199,0.9,1.9565217391304348,3.1166666666666663,5.194444444444444,0.5334202944382554,3.3338768402390966,1.8554358166666667,6.871984506172839,35.6483,173.89414634146343
,1.7,0.8437865328350199,0.9,1.9565217391304348,3.1166666666666663,5.194444444444444,0.5334202944382554,3.3338768402390966,1.8554358166666667,6.871984506172839,35.6483,173.89414634146343
,1.7,0.8437865328350199,0.9,1.9565217391304348,3.1166666666666663,5.194444444444444,0.5334202944382554,3.3338768402390966,1.8554358166666667,6.871984506172839,35.6483,173.89414634146343
,,,,,,,,,,,,
,459.39949999999806,130.3217586044832,421.3495999999979,916.437391304339,734.3653040000013,1224.5421733333305,125.68728021976055,785.7055013735009,437.18749333440866,1619.4829382755795,9319.483299999996,45461.09914634165
